period,equity
0,1000000.0
1,1001792.983509032
2,1002097.2183513327
3,1000696.3352424877
4,1008778.3866213465
5,1008963.7901454013
6,1005911.5156792196
7,1008630.1902858992
8,1015095.8984903259
9,1015754.0777002231
10,1016247.514678787
11,1015223.6454300513
12,1021617.0840955025
13,1018276.8090414939
14,1019203.9344755557
15,1021483.5112480812
16,1015982.2321584736
17,1021395.8360988518
18,1021977.3457504135
19,1018665.0119249526
